user_id,email,username,first_name,last_name,password,create_time,last_update
1,n.Shads6@mail2santa.com,needfulShads6,Dena,Floro,zyWZeGkcQIw,2014-09-10,2018-05-23
2,g.Locust3@m-hmail.com,gleefulLocust3,Bonnie,Scavetta,B2TciFuaDzi,2016-05-16,2017-02-10
3,b.Chile3@webmail.co.za,blissfulChile3,Enriqueta,Martens,R3Oz1lBpEyU,1998-04-09,2013-08-15
4,e.Seafowl3@windrivers.net,empathicSeafowl3,Marybelle,Vessella,kcO66GWFzkB,1985-01-04,2016-03-13
5,a.Antelope1@avh.hu,aloofAntelope1,Giana,Leitch,PijZeMXdlRR,1987-10-30,1998-10-11
6,w.Oil8@mail2oops.com,wrathfulOil8,Daisie,Cranmore,mgHlud7Cu5W,2011-04-03,2016-01-16
7,p.Baboon9@bboy.zzn.com,pleasedBaboon9,Jemima,Fedewa,LogFNcGUhy7,2000-04-13,2002-09-29
8,d.Bobolink5@yandex.com,dearBobolink5,Abby,Blanchette,9fo0mxDlqxc,1998-09-22,2006-07-15
9,n.Plover3@mail2louis.com,needfulPlover3,Becki,Zbell,o1ENxiNXKyd,2007-07-28,2018-04-11
10,i.Buck0@scubadiving.com,innocentBuck0,Emmalee,Genett,EIWIZVQ45Xn,2000-11-30,2005-03-14
11,c.Mallard3@netbounce.com,culturedMallard3,Evie,Fawson,AXIklHysGtC,2003-11-26,2009-09-01
12,e.Flamingo1@china.net.vg,exactingFlamingo1,Alfreda,Kinzle,5VRDboUHjfw,2009-12-08,2014-12-23
13,e.Mallard7@alexandria.cc,emptyMallard7,Manon,Gransky,4CmQqT9pzm1,2005-12-13,2010-03-30
14,c.Stork1@mail2andrea.com,curiousStork1,Terrye,Bargo,YDH6VUBwR9W,1983-02-18,2009-12-24
15,f.Mussel5@csinibaba.hu,ferventMussel5,Debbie,Keisling,Bk74I9iIlQN,2017-01-23,2017-01-29
16,o.Mare0@mailsent.net,obsessedMare0,Nannie,Couch,haQOrW2L5y2,1994-02-25,2006-07-18
17,c.Hoopoe2@fastem.com,crummyHoopoe2,Shanon,Sabol,R8JQMZiNniE,2019-08-31,2019-10-09
18,w.Seafowl3@mail2sports.com,wornoutSeafowl3,Nertie,Hofstetter,w4Faqo4bpAh,1998-06-25,1998-11-14
19,b.Antelope3@cyberinbox.com,blissfulAntelope3,Trescha,Oehlschlager,AhtU0HSfBiE,1994-10-03,1995-01-29
20,g.Termite6@planetarymotion.net,grizzledTermite6,Audrye,Beguelin,hgSUtaRhrUp,1995-02-25,2015-10-23
21,s.Ocelot8@mail2jamie.com,sincereOcelot8,Celine,Tannous,IfHBCAyO4Hb,2015-11-05,2019-04-19
22,k.Pear4@mail2brussels.com,kindPear4,Gisela,Chrostowski,524ChflQzi8,1994-10-29,2005-12-21
23,j.Dunbird7@mail2plato.com,jubilantDunbird7,Lynnell,Dederick,6pDQXjdkVFs,1997-08-08,2009-04-08
24,f.Bittern2@deutschland-net.com,forsakenBittern2,Sondra,Mccrudden,O9GZATHFX9W,1988-03-26,2010-07-27
25,c.Dotterel9@businessman.net,crummyDotterel9,Aggy,Didomenico,RGkbTKIYgGB,2015-07-30,2019-03-26
26,o.Hawk9@zmail.ru,outlyingHawk9,Lora,Sirin,H0bfIHWJmFr,2019-11-13,2019-11-18
27,p.Lapwing7@mail2msright.com,pacifiedLapwing7,Carma,Guzy,2UKLYHZrGe9,1989-07-27,2014-05-04
28,p.Whiting9@sci.fi,peskyWhiting9,Florida,Verbasco,jwmOT2uNKbe,2012-11-06,2013-12-06
29,z.Clam2@netnoir.net,zestyClam2,Evy,Paviol,kAj33tOReQ1,2009-06-04,2014-03-03
30,a.Lizard1@nativestar.net,aboardLizard1,Nedda,Mejias,67vq7G1ip0Z,2007-12-10,2019-09-04
31,g.Abalone7@mail2kenya.com,gutturalAbalone7,Simonette,Alacano,FmMv1vmngoy,1993-12-24,1994-08-21
32,j.Camel3@catcha.com,jumpyCamel3,Joscelin,Velthuis,LFNrVmnxajr,2011-06-15,2015-09-21
33,n.Locust3@mail2eros.com,needfulLocust3,Martynne,Callis,zI3WYIu0dNT,2015-03-25,2018-08-08
34,m.Cockatoo8@mail2randy.com,mercifulCockatoo8,Floris,Guill,NEqCHrBOcom,1984-11-24,2015-06-15
35,s.Rice1@optusnet.com.au,sincereRice1,Melitta,Schimke,lOOroq0zJEW,1999-06-12,2016-12-28
36,t.Boa3@mail2willie.com,troubledBoa3,Bunnie,Mey,oANIL6z8s67,2003-08-10,2006-08-14
37,e.Rice5@mail2chuck.com,eagerRice5,Kerstin,Berchielli,S6XilCMcWO3,1998-01-14,2018-06-03
38,c.Tuna2@mail2mildred.com,contentTuna2,Dulsea,Vonbargen,z2ac7aGvNb2,1996-02-06,2003-09-21
39,m.Snipe4@mail2deanna.com,mereSnipe4,Bernie,Wrobbel,JENwoFZPCBs,2016-07-24,2019-12-10
40,j.Coconut8@mail2togo.com,joyfulCoconut8,Caria,Pruette,Dv31L3RiVGs,2013-11-15,2019-01-06
41,p.Cheese6@the-airforce.com,pitifulCheese6,Salomi,Older,V4O6o6mjQu0,2016-08-16,2019-08-26
42,a.Weaver9@mail2barter.com,adoringWeaver9,Bell,Melino,0qRYRblB0GR,1986-01-19,1995-03-14
43,p.Thrushe0@slo.net,pleasedThrushe0,Idalina,Garritson,RpcEueOeV6C,1990-10-04,2007-10-20
44,w.Curlew2@busta-rhymes.com,worldlyCurlew2,Kirbie,Tomaszycki,3W4POvFpLXo,2006-07-10,2019-04-02
45,f.Caribou9@galamb.net,ferventCaribou9,Amaleta,Zambo,wrqwcz8uwzH,2009-05-13,2013-04-08
46,b.Stork7@gospelfan.com,boastfulStork7,Yettie,Canak,alMg6pyN2PS,1984-07-17,1991-06-18
47,a.Thrush7@housemail.com,aboardThrush7,Marji,Fiscalini,abOqDmGAw1x,1984-06-17,1995-03-12
48,g.Lard8@bigmailbox.com,guiltyLard8,Selene,Jana,L3dGtumbrk0,2003-12-22,2015-07-02
49,a.Boars8@thundermail.com,anxiousBoars8,Malissa,Hemry,UNlSx4wsXwN,2018-11-29,2019-10-06
50,g.Stork2@housefancom,grizzledStork2,Sonia,Straws,T95qfEOa3UN,1995-06-22,1999-01-29
51,k.Rat4@mailite.com,kindRat4,Kaleena,Bandulin,bqehFqKVOdD,2009-07-25,2012-11-01
52,s.Bobolink2@mail2worship.com,solemnBobolink2,Joelie,Dorais,thzGYwDmolN,2010-09-02,2015-02-15
53,e.Heron0@mail2suriname.com,enviousHeron0,Dedra,Fawcett,OiPKArdrHU9,2017-01-14,2017-04-02
54,c.Jaguar6@postaccesslite.com,culturedJaguar6,Constantine,Tautuiaki,Tb3EEHfiRqh,1991-02-20,2001-01-10
55,c.Tortoise1@marijuana.com,crushedTortoise1,Madlen,Fix,qPSFR4OQRNd,2006-11-21,2008-11-28
56,b.Hawk1@tpg.com.au,bubblyHawk1,Agretha,Puotinen,mZYMLSi6apV,1988-07-30,2014-12-30
57,d.Oil6@mail2dirk.com,dopeyOil6,Amelina,Casolary,v3pPMTFVpeJ,2001-04-27,2017-07-11
58,m.Bobolink9@mail2hal.com,mildBobolink9,Gayleen,Choules,criAcCmZ4VZ,2005-07-15,2011-02-18
59,m.Fish9@canada.com,mercifulFish9,Felicity,Boback,Dw6TC9agWv3,2012-10-23,2013-09-19
60,s.Kitten4@depechemode.com,soreKitten4,Adelind,Fresquez,zpk8TtwNmJk,1985-02-11,2009-02-23
61,a.Plover8@mail2capeverde.com,annoyedPlover8,Binni,Mascola,m3YJChyqxcE,1985-08-02,2017-05-08
62,t.Cow1@hotepmail.com,troubledCow1,Cyndia,Brunson,utieUCO76lR,1986-03-07,2017-01-13
63,f.Bobolink0@from-asia.com,finickyBobolink0,Fanchon,Umphenour,onBIalTV0yo,2003-03-11,2003-09-10
64,l.Syrup4@mail2emergency.com,lazySyrup4,Keri,Holmen,qUV4eSvk8mT,1989-01-08,1993-02-04
65,w.Abalone8@earthlink.net,wakefulAbalone8,Deena,Pappenheim,WJXG0AqBWEg,2016-12-21,2018-10-15
66,n.Hawk1@lover-boy.com,needfulHawk1,Ammamaria,Hoare,N1hH2WztYrp,2015-01-06,2015-10-08
67,c.Cheese6@mail2alabama.com,crushedCheese6,Chloe,Oyer,279DPJPNPMB,2017-03-18,2017-12-20
68,c.Chamois1@bossofthemoss.com,cockyChamois1,Delilah,Frederick,6ObbK8059g0,1984-11-02,2005-08-22
69,e.Crackers5@cool.br,ecstaticCrackers5,Audrye,Dreisbach,3j4Zg27ROLF,2011-11-27,2018-01-25
70,g.Flamingo2@careerbuildermail.com,goofyFlamingo2,Ibby,Flud,lO8nbH0B5FK,2009-03-11,2016-01-20
71,c.Owl9@mail2margaret.com,cheerfulOwl9,Mil,Blovin,7H623EJV8a3,1991-10-05,2018-12-01
72,c.Poultry1@peoplepc.com,cynicalPoultry1,Roch,Studivant,V09Ks9JwyVG,2009-06-30,2017-06-23
73,m.Cockatoo9@leonlai.net,mildCockatoo9,Geneva,Face,gydQqSBdDJN,2000-11-01,2018-12-14
74,e.Bobolink6@mail2claude.com,ecstaticBobolink6,Dierdre,Todora,RiIQW57H7fT,1985-09-26,2003-10-05
75,b.Wasp2@mail2painter.com,brainyWasp2,Janaye,Bookhardt,u21bWmCDE3T,2006-11-21,2013-01-23
76,s.Otter1@mail2myboat.com,sugaryOtter1,Sissie,Mcdaneld,of0l0AtL0Nm,1983-11-20,2007-12-09
77,j.Granola7@felicity.com,jubilantGranola7,Geneva,Whitener,dErpL7pFOKa,1994-10-05,2000-10-02
78,m.Crackers4@fantasticmail.com,mercifulCrackers4,Rebecca,Alderton,fwcsxW4UBWC,2016-02-13,2017-03-30
79,t.Mackerel6@mail2tickets.com,trustingMackerel6,Max,Izak,dJcD1TghElp,2017-08-07,2019-08-15
80,w.Dingo7@avh.hu,wearyDingo7,Fay,Kenney,XNnRtzCkm1m,1994-04-07,1997-04-21
81,c.Abalone7@certifiedmail.com,cautiousAbalone7,Alanah,Kutch,aTN358EizSo,2001-11-26,2018-10-20
82,l.Cheetah9@snail-mail.net,lazyCheetah9,Lilyan,Mcnitt,aGMXWAeLNJ0,2000-01-19,2014-12-18
83,d.Bobolink7@mail2gilbert.com,dejectedBobolink7,Chantalle,Cheroki,DiiKWguIMWq,1998-03-20,2014-07-18
84,s.Cheetah6@mail2dionysos.com,somberCheetah6,Annmarie,Lands,jdXTT8fgZyT,2011-06-14,2019-04-26
85,d.Camel5@mail2mel.com,dreadfulCamel5,Giulietta,Chocron,y32TFApnkZm,1994-10-20,2010-08-20
86,a.Lollies7@sociologist.com,awedLollies7,Elisabet,Difiore,0jEKONOC6nm,1999-06-25,2006-03-20
87,d.Swift7@mail2expert.com,dejectedSwift7,Marchelle,Lusane,KHwLenfxfYi,1984-07-05,2017-03-30
88,l.Crane8@cheerful.com,lovesickCrane8,Kimmi,Revering,NxYeoLmxQe5,2018-09-24,2019-02-13
89,k.Cow0@dailypioneer.com,kindCow0,Aura,Dankmeyer,IwrsTgNMEVx,1984-09-04,2015-02-07
90,m.Whiting4@mail2ice-cream.com,morbidWhiting4,Virgie,Josselyn,lBbK4a9kKm8,2005-04-28,2016-11-11
91,c.Bobolink6@columbusrr.com,curiousBobolink6,Karna,Burdell,SmCXFVJFhwf,2011-12-10,2013-11-17
92,w.Hoopoe9@mail2alexa.com,wrathfulHoopoe9,Adrianna,Hurme,0WNLZY3gm7J,2017-12-29,2019-08-18
93,d.Porpoise8@wyrm.supernews.com,dreadfulPorpoise8,Ileana,Eggett,Xh2Br1jBlPx,2001-05-31,2008-03-10
94,d.Zebra0@furnitureprovider.com,debonairZebra0,Zilvia,Furnia,bbzWTGJcA3i,1998-11-11,2013-09-17
95,p.Fish5@mail2graham.com,pleasedFish5,Merilee,Dreggs,EUwSYGAz2ct,2004-09-18,2015-04-25
96,n.Cow0@mailforce.net,needfulCow0,Milicent,Purol,JLPnsahzYtE,2013-03-28,2017-03-12
97,w.Polenta0@mail2uruguay.com,worriedPolenta0,Kare,Lindzy,0KH0fO5YS3v,1984-04-13,2001-05-02
98,a.Thrush4@mail2way.com,amusedThrush4,Eliza,Beato,r3m2WssBHSS,2007-11-19,2017-04-14
99,k.Unicorn9@mail2bar.com,kindUnicorn9,Carmel,Condino,Zzvr4c13u27,2006-11-16,2007-01-09
100,h.Coati1@mail2wally.com,hushedCoati1,Lona,Mclennan,ayQmrRLWjzv,1984-09-21,2008-08-20
